year,month,region,asset_group,total_events,total_duration_minutes,avg_duration_minutes,avg_severity,total_customers_affected
2024,1,Central,Breaker,1,243,243.0,3.0,94
2024,1,Central,Line,1,78,78.0,3.0,350
2024,1,Central,Switch,1,162,162.0,4.0,81
2024,1,Central,Transformer,2,200,100.0,3.0,301
2024,1,East,Switch,1,132,132.0,3.0,95
2024,1,East,Transformer,2,105,52.5,2.0,378
2024,1,North,Feeder,1,163,163.0,5.0,139
2024,1,North,Line,1,25,25.0,1.0,195
2024,1,North,Switch,1,62,62.0,2.0,88
2024,1,North,Transformer,1,157,157.0,4.0,87
2024,1,South,Breaker,3,358,119.33333333333333,2.6666666666666665,348
2024,1,South,Feeder,1,155,155.0,5.0,239
2024,1,South,Line,1,78,78.0,2.0,387
2024,1,South,Switch,1,29,29.0,3.0,93
2024,1,West,Transformer,2,421,210.5,3.5,424
2024,2,Central,Breaker,1,127,127.0,4.0,145
2024,2,Central,Feeder,1,137,137.0,4.0,469
2024,2,Central,Line,1,32,32.0,3.0,303
2024,2,Central,Transformer,1,110,110.0,3.0,165
2024,2,East,Line,1,175,175.0,3.0,359
2024,2,East,Switch,1,213,213.0,5.0,43
2024,2,North,Line,7,749,107.0,3.2857142857142856,1622
2024,2,North,Switch,1,89,89.0,3.0,35
2024,2,North,Transformer,1,88,88.0,1.0,124
2024,2,South,Breaker,2,207,103.5,3.0,297
2024,2,South,Line,1,29,29.0,1.0,138
2024,2,South,Switch,1,229,229.0,4.0,127
2024,2,West,Feeder,2,396,198.0,3.5,472
2024,2,West,Transformer,1,26,26.0,3.0,172
2024,3,Central,Line,2,341,170.5,2.5,471
2024,3,Central,Switch,2,290,145.0,3.0,207
2024,3,Central,Transformer,2,374,187.0,3.5,259
2024,3,East,Line,1,77,77.0,2.0,329
2024,3,East,Transformer,2,164,82.0,1.5,390
2024,3,North,Feeder,1,44,44.0,3.0,387
2024,3,North,Line,2,358,179.0,2.0,361
2024,3,North,Switch,1,17,17.0,1.0,138
2024,3,South,Breaker,1,257,257.0,3.0,160
2024,3,South,Feeder,2,446,223.0,3.0,319
2024,3,South,Line,3,449,149.66666666666666,2.3333333333333335,961
2024,3,South,Transformer,1,35,35.0,1.0,239
2024,3,West,Transformer,1,232,232.0,4.0,212
2024,4,Central,Feeder,1,200,200.0,2.0,147
2024,4,Central,Line,4,655,163.75,4.5,1169
2024,4,Central,Transformer,3,401,133.66666666666666,2.0,570
2024,4,East,Switch,2,251,125.5,4.0,120
2024,4,East,Transformer,2,301,150.5,3.0,344
2024,4,North,Feeder,1,76,76.0,2.0,475
2024,4,North,Line,2,345,172.5,4.0,476
2024,4,South,Breaker,1,18,18.0,2.0,179
2024,4,South,Feeder,2,120,60.0,3.0,583
2024,4,South,Line,1,116,116.0,3.0,278
2024,4,South,Transformer,1,84,84.0,1.0,104
2024,4,West,Feeder,1,82,82.0,4.0,347
2024,5,Central,Line,2,387,193.5,3.5,546
2024,5,Central,Transformer,3,280,93.33333333333333,2.6666666666666665,258
2024,5,East,Line,1,90,90.0,3.0,162
2024,5,East,Switch,3,180,60.0,1.6666666666666667,275
2024,5,North,Line,1,100,100.0,4.0,312
2024,5,North,Transformer,1,231,231.0,3.0,157
2024,5,South,Breaker,2,600,300.0,4.0,285
2024,5,South,Feeder,1,159,159.0,3.0,447
2024,5,South,Line,2,288,144.0,2.0,545
2024,5,West,Transformer,1,160,160.0,3.0,88
2024,6,Central,Line,3,200,66.66666666666667,3.0,1006
2024,6,Central,Switch,2,189,94.5,3.0,163
2024,6,East,Feeder,1,274,274.0,5.0,124
2024,6,East,Line,2,223,111.5,2.0,289
2024,6,East,Switch,1,167,167.0,4.0,96
2024,6,North,Feeder,3,259,86.33333333333333,3.6666666666666665,1165
2024,6,North,Line,1,107,107.0,3.0,291
2024,6,North,Transformer,3,374,124.66666666666667,1.6666666666666667,614
2024,6,South,Breaker,1,36,36.0,3.0,142
2024,6,South,Line,1,46,46.0,2.0,247
2024,6,South,Transformer,1,74,74.0,1.0,249
2024,6,West,Feeder,2,176,88.0,3.5,725
2024,7,Central,Line,1,114,114.0,4.0,410
2024,7,Central,Transformer,5,519,103.8,2.8,666
2024,7,North,Feeder,2,171,85.5,2.0,576
2024,7,North,Line,6,609,101.5,3.0,1378
2024,7,North,Transformer,1,170,170.0,4.0,193
2024,7,South,Breaker,3,504,168.0,3.6666666666666665,317
2024,7,South,Feeder,2,454,227.0,4.0,768
2024,7,South,Line,1,117,117.0,3.0,110
2024,7,South,Switch,1,30,30.0,2.0,129
2024,7,West,Transformer,2,288,144.0,3.0,222
2024,8,Central,Line,1,100,100.0,2.0,182
2024,8,Central,Switch,2,213,106.5,3.0,208
2024,8,Central,Transformer,3,397,132.33333333333334,3.0,301
2024,8,East,Feeder,2,233,116.5,4.0,596
2024,8,East,Line,1,36,36.0,3.0,378
2024,8,East,Switch,2,240,120.0,3.5,226
2024,8,North,Feeder,3,405,135.0,3.0,758
2024,8,North,Line,2,203,101.5,3.5,652
2024,8,North,Switch,1,70,70.0,3.0,27
2024,8,North,Transformer,1,252,252.0,5.0,92
2024,8,South,Feeder,3,297,99.0,2.3333333333333335,766
2024,8,South,Line,1,118,118.0,4.0,185
2024,9,Central,Line,3,367,122.33333333333333,3.3333333333333335,1021
2024,9,Central,Switch,1,78,78.0,1.0,76
2024,9,Central,Transformer,5,545,109.0,2.6,587
2024,9,East,Feeder,1,81,81.0,2.0,466
2024,9,North,Line,1,282,282.0,5.0,138
2024,9,North,Switch,1,134,134.0,4.0,111
2024,9,South,Feeder,2,143,71.5,3.5,517
2024,9,South,Line,2,343,171.5,4.0,600
2024,9,South,Switch,1,59,59.0,3.0,131
2024,9,South,Transformer,2,145,72.5,3.0,377
2024,9,West,Transformer,1,39,39.0,3.0,113
2024,10,Central,Transformer,2,173,86.5,2.0,298
2024,10,East,Feeder,1,98,98.0,3.0,262
2024,10,East,Switch,1,38,38.0,1.0,83
2024,10,North,Feeder,2,153,76.5,4.0,311
2024,10,North,Line,3,444,148.0,3.6666666666666665,1009
2024,10,North,Transformer,3,620,206.66666666666666,4.333333333333333,292
2024,10,South,Feeder,1,53,53.0,2.0,234
2024,10,South,Line,2,127,63.5,2.5,503
2024,10,South,Switch,1,115,115.0,4.0,66
2024,11,Central,Breaker,1,90,90.0,3.0,41
2024,11,Central,Feeder,1,96,96.0,3.0,316
2024,11,Central,Line,1,222,222.0,5.0,353
2024,11,Central,Switch,2,265,132.5,3.0,230
2024,11,Central,Transformer,2,256,128.0,3.5,479
2024,11,East,Feeder,1,149,149.0,5.0,190
2024,11,East,Line,1,58,58.0,4.0,284
2024,11,East,Switch,2,212,106.0,3.0,175
2024,11,East,Transformer,1,61,61.0,2.0,90
2024,11,North,Feeder,1,146,146.0,4.0,243
2024,11,North,Line,7,916,130.85714285714286,3.4285714285714284,1463
2024,11,North,Transformer,2,190,95.0,4.0,241
2024,11,South,Breaker,1,63,63.0,5.0,51
2024,11,South,Line,1,122,122.0,2.0,176
2024,11,West,Feeder,2,323,161.5,2.5,349
2024,11,West,Transformer,4,362,90.5,3.0,633
2024,12,Central,Breaker,2,379,189.5,4.0,168
2024,12,Central,Feeder,2,108,54.0,1.5,408
2024,12,Central,Switch,2,272,136.0,2.0,215
2024,12,East,Switch,2,116,58.0,3.5,54
2024,12,North,Line,1,24,24.0,2.0,249
2024,12,North,Switch,1,177,177.0,4.0,68
2024,12,South,Feeder,1,42,42.0,4.0,476
2024,12,South,Line,2,172,86.0,3.0,688
2024,12,South,Switch,1,130,130.0,3.0,93
2024,12,West,Feeder,1,85,85.0,3.0,162
2024,12,West,Transformer,1,103,103.0,4.0,108
